smiles,value
*Oc1ccc(C2(c3ccc(Oc4ccc(/C=C/C(=O)c5ccc(*)cc5)cc4)cc3)c3ccccc3-c3ccccc32)cc1,195
*CC(COc1ccc(S(=O)(=O)c2ccc(O*)cc2)cc1)OC(C)=O,130
*Oc1c(-c2ccccc2)cc(*)cc1-c1cccc(-c2ccccc2)c1-c1ccccc1,212
*OC(=O)c1cccc(C(=O)Oc2ccc3c(c2)Oc2cc(*)ccc2C32OC(=O)c3ccccc32)c1,276
*CCCCCCCCCCSS*,-65
*CCCCCCCCCCSSS*,-70
*CCCCCCCCCCSSSS*,-76
*CCCCC(=O)NCc1ccc(CNC(=O)CCCCS*)cc1,70
*CCCCCCC(=O)NCc1ccc(CNC(=O)CCCCCCS*)cc1,65
*CCCCCCCCCCC(=O)NCCc1ccc(CCNC(=O)CCCCCCCCCCS*)cc1,58
*OC(=O)c1ccc(SCCCCSc2ccc(C(*)=O)cc2)cc1,62
*C(=O)OCC(C)(C)CSCC(C)(C)COC(=O)C1(C)CNC(*)(C)CN1,40
*c1ccc(Sc2ccc(-c3nc4cc(-c5ccc6nc(-c7ccccc7)c(*)nc6c5)ccc4nc3-c3ccccc3)cc2)cc1,288
*c1cccc(-c2nc3ccc(-c4ccc5nc(*)sc5c4)cc3s2)c1,495
*CCCCCCCCc1nc2ccc(-c3ccc4nc(*)sc4c3)cc2s1,238
*c1ccc(Sc2ccc(-c3nc4ccc(-c5ccc6nc(*)c(-c7ccccc7)nc6c5)cc4nc3-c3ccccc3)cc2)cc1,288
*Oc1ccc(OC(=O)c2ccc(Sc3cccc(OC(=O)c4ccc(C(=O)Oc5cccc(Sc6ccc(C(*)=O)cc6)c5)cc4)c3)cc2)cc1C,135
*Oc1ccc(OC(=O)c2cccc(Sc3ccc(OC(=O)c4ccc(C(=O)Oc5ccc(Sc6cccc(C(*)=O)c6)cc5)cc4)cc3)c2)cc1C,106.5
*Oc1ccc(OC(=O)c2cccc(Sc3ccc(OC(=O)c4ccc(C(=O)Oc5ccc(Sc6cccc(C(*)=O)c6)cc5)cc4)cc3)c2)cc1-c1ccccc1,128
*Oc1cccc(OC(=O)c2cccc(C(*)=O)c2)c1,147
*Oc1ccc(C(C)(C)c2ccc(OC(=O)c3ccc(C(*)=O)cc3)c(C)c2)cc1C,178.5
*Oc1ccc(C2(c3ccc(OC(=O)c4cccc(C(*)=O)c4)cc3)c3ccccc3-c3ccccc32)cc1,269.5
*c1ccc(OC(=O)c2ccc(C(=O)Oc3ccc(C4(*)OC(=O)c5ccccc54)cc3)cc2)cc1,279
*c1ccc(OC(=O)c2cccc(C(=O)Oc3ccc(C4(*)OC(=O)c5ccccc54)cc3)c2)cc1,282.5
*CCOC(=O)c1cccc2c(C(=O)O*)cccc12,78
*CCOC(=O)c1ccc(C(=O)O*)c2ccccc12,64
*CC(=O)O*,45
*CCCC(=O)O*,1.5
*CCCCC(=O)O*,-66
*CCCCCC(=O)O*,-60
*CCCCCCCCCCC(=O)O*,-46.05
*CCCCCCCCCCCCC(=O)O*,-36
*CCCCCCCCCCCCCCC(=O)O*,-22.1
*CCCCCCC(=O)O*,-14
*CCCCCCOC(=O)CCCCC(=O)O*,-69
*CCCCCCCCCCOC(=O)CCCCCCCCCCCCCCCCC(=O)O*,-17
*CCCCCCCCCCCCCCCCOC(=O)CCCCCCC(=O)O*,-26
*CCOC(=O)/C=C/C(=O)O*,-10
*CCCOC(=O)c1ccc(C(=O)O*)cc1,52
*CCCCCCCCCCOC(=O)c1cccc(C(=O)O*)c1,-22.5
*CC(C)C(C)COC(=O)c1ccc(C(=O)O*)cc1,37.5
*CC(CC)C(CC)COC(=O)c1ccc(C(=O)O*)cc1,32
*CC(CCC)C(CCC)COC(=O)c1ccc(C(=O)O*)cc1,30
*CC(CCCC)C(CCCC)COC(=O)c1ccc(C(=O)O*)cc1,16
*CC(CCCCCC)C(CCCCCC)COC(=O)c1ccc(C(=O)O*)cc1,-15.5
*CC(CCCCCCCCCC)C(CCCCCCCCCC)COC(=O)c1ccc(C(=O)O*)cc1,-38
*CC(CCCCCCCCCCCCCCCC)C(CCCCCCCCCCCCCCCC)COC(=O)c1ccc(C(=O)O*)cc1,-26
*CC(C(C)C)C(COC(=O)c1ccc(C(=O)O*)cc1)C(C)C,65
*Oc1ccc(OC(=O)c2ccc(C(*)=O)cc2)cc1CCC(C)CC,237
*Oc1ccc(OC(=O)c2ccc(C(*)=O)cc2)cc1C1CCCCC1,206
*Oc1ccc(OC(=O)c2ccc(C(*)=O)cc2)cc1C1CC2CCC1C2,267
*CCCCCOC(=O)c1cccc(C(=O)O*)c1,7
*CCCCCCOC(=O)c1cccc(C(=O)O*)c1,5.5
*Oc1ccc(-c2ccc(OC(=O)CCCCCCCCCCCCC(*)=O)cc2)cc1,95
*CC1CCC(COC(=O)CCC(=O)O*)CC1,-1
*CCOC(=O)CCCCCC(=O)O*,-46
*CCCCCCCOC(=O)c1ccc(C(=O)O*)cc1,-1
*CCCCCCOC(=O)C(=O)O*,66.5
*Oc1ccc(C(*)=O)cc1,161
*OC(C)CC(*)=O,3.4
*OC(C)C(*)=O,58.4
*CCC(=O)O*,-24
*CC(CC)(CC)C(=O)O*,60
*CC(C)(C)C(=O)O*,-12
*OC(CC)CC(*)=O,-15.4
*CC(C)(CC)C(=O)O*,-9
*CC(C)C(=O)O*,-25
*CC(C)(CCC)C(=O)O*,1.9
*OC(CC(*)=O)C(Cl)(Cl)Cl,163.5
*CCCCCCCCCOC(=O)c1ccc(C(=O)O*)cc1,35
*CCCCCCCCOC(=O)c1ccc(C(=O)O*)cc1,45
*Oc1ccc(OC(=O)CCCCC(*)=O)cc1,90
*CC1CCC(COC(=O)C2CCC(C(=O)O*)CC2)CC1,77
*CC1CCC(COC(=O)c2cccc(C(=O)O*)c2)CC1,70
*CCCCCCCCCCOC(=O)CCCCCNC(=O)CCCCC(=O)NCCCCCC(=O)O*,-12
*CCCCCCCCCCOC(=O)c1ccc(-c2ccc(C(=O)O*)cc2)cc1,52
*CCCCCCCCCCCCCCCCCCCCOC(=O)CC(=O)O*,-35.1
*CCOC(=O)C1CCC(C(=O)O*)CC1,25
*CCOC(=O)c1ccc(-c2ccc(C(=O)O*)cc2)cc1,40
*OC(C)COC(=O)c1cccc(C(*)=O)c1,77
*CCCCCCOC(=O)CCCCCNC(=O)CCCCC(=O)NCCCCCC(=O)O*,-7
*CCCCCCOC(=O)c1ccc(-c2ccc(C(=O)O*)cc2)cc1,51
*Oc1cccc(C(*)=O)c1,162
*Oc1ccc(CC(*)=O)cc1,117
*OC(CC(*)=O)C(C)(Cl)Cl,109
*SC(C)C(*)=O,12
*CCC(C)CCC(=O)S*,-50
*Oc1ccc(Cc2ccc(OC(=O)CCCCC(*)=O)cc2)cc1,60.5
*CCCCCCCCOC(=O)c1ccc(-c2ccc(C(=O)O*)cc2)cc1,47
*CC(F)(F)C(F)(F)C(F)(F)COC(=O)CCCCC(=O)O*,-60.5
*CCCCCOC(=O)c1ccc(-c2ccc(C(=O)O*)cc2)cc1,47.5
*Oc1cccc(OC(=O)CCC(*)=O)c1,38.2
*Oc1ccc(OC(=O)c2ccc(C(*)=O)cc2)cc1,267
*CCCCOC(=O)CCCCCNC(=O)CCCCC(=O)NCCCCCC(=O)O*,-15
*CCCCOC(=O)CCCCCCCC(=O)O*,-62.5
*CCCCOC(=O)c1ccc(-c2ccc(C(=O)O*)cc2)cc1,70
*CCCCOC(=O)CCCC(=O)O*,-36.5
*CCCCOC(=O)COCC(=O)O*,-23
*CC(C)(C)COC(=O)CCCCC(=O)O*,-31.55
*CCCOC(=O)C1CCC(C(=O)O*)CC1,-6
*OC(C)CCOC(=O)c1ccc(-c2ccc(C(*)=O)cc2)cc1,92.5
*CCCOC(=O)c1cccc(C(=O)O*)c1,36
*CC(C)(C)COC(=O)CCC(=O)O*,-18
*CC(C)(C)COC(=O)c1ccc(C(=O)O*)cc1,68
*Cc1ccc(COC(=O)c2cccc(C(=O)O*)c2)cc1,143
*Oc1c(C)cc(-c2cc(C)c(OC(=O)CCCCC(*)=O)c(C)c2)cc1C,108
*Oc1c(C)cc(C(C)(C)c2cc(C)c(OC(=O)CCCCC(*)=O)c(C)c2)cc1C,93
*Oc1ccc(C(C)(C)c2ccc(OC(=O)CCCCC(*)=O)cc2)cc1,54
*Oc1c(-c2ccccc2)cc(Cc2cc(-c3ccccc3)c(OC(=O)CCCCC(*)=O)c(-c3ccccc3)c2)cc1-c1ccccc1,115
*Oc1cc(CCCC)cc(OC(=O)c2cccc(C(*)=O)c2)c1,97.5
*O[Sn](CCCC)(CCCC)OC(=O)CCCCC(*)=O,110
*O[Sn](CCCC)(CCCC)OC(=O)c1ccc(C(*)=O)cc1,315
*CCCCCCCCCCOC(=O)c1ccc2cc(C(=O)O*)ccc2c1,50.5
*CCC(C)CCC(=O)O*,-53
*OC(C)CCCC(C)C(*)=O,-33
*Oc1cc(CC)cc(OC(=O)c2cccc(C(*)=O)c2)c1,138
*CC(F)(F)C(F)(F)C(F)(F)COC(=O)c1cc(C(=O)O*)cc(C(F)(F)C(F)(F)C(F)(F)C(F)(F)C(F)(F)C(F)(F)C(F)(F)F)c1,27
*CC(F)(F)C(F)(F)C(F)(F)COC(=O)c1cccc(-c2cccc(C(=O)O*)c2)c1,45
*CC(F)(F)C(F)(F)C(F)(F)COC(=O)c1cccc(C(F)(F)C(F)(F)C(F)(F)C(F)(F)C(F)(F)c2cccc(C(=O)O*)c2)c1,29
*CC(F)(F)C(F)(F)C(F)(F)COC(=O)c1cccc(C(F)(F)C(F)(F)C(F)(F)c2cccc(C(=O)O*)c2)c1,24
*Oc1cc(CCCCCC)cc(OC(=O)c2cccc(C(*)=O)c2)c1,67.5
*Oc1ccc(-c2ccc(OC(=O)c3cccc(C(*)=O)c3)cc2)cc1,185.5
*CC(F)(F)C(F)(F)C(F)(F)COC(=O)c1cccc(C(=O)O*)c1,23.5
*Oc1ccc(C(C)(C)c2ccc(OC(=O)c3cccc(C(*)=O)c3)c(C)c2)cc1C,162
*Oc1c(C)cc(C(C)(C)c2cc(C)c(OC(=O)c3cccc(C(*)=O)c3)c(C)c2)cc1C,187
*Oc1ccc(C2(c3ccc(OC(=O)c4cccc(C(*)=O)c4)cc3)CCCCC2)cc1,127
*Oc1c(C)cc(-c2cc(C)c(OC(=O)CCCCCCCCC(*)=O)c(C)c2)cc1C,57
*OC1C(C)(C)C(OC(=O)C2CCC(C(*)=O)CC2)C1(C)C,169
*OC1C(C)(C)C(OC(=O)c2ccc(C(*)=O)cc2)C1(C)C,184
*CCCCOC(=O)C1CCC(C(=O)O*)CC1,-10.5
*CCCCCCOC(=O)c1ccc2cc(C(=O)O*)ccc2c1,64
*CCCCCOC(=O)c1ccc2cc(C(=O)O*)ccc2c1,58.5
*CCCCOC(=O)c1ccc2cc(C(=O)O*)ccc2c1,66
*CCCOC(=O)c1ccc2cc(C(=O)O*)ccc2c1,88
*Oc1c(C)cc(C(C)(C)c2cc(C)c(OC(=O)CCCCCCCCC(*)=O)c(C)c2)cc1C,45
*Oc1cc(C)cc(OC(=O)c2cccc(C(*)=O)c2)c1,163
*CC(C)(C)COC(=O)C1CCC(C(=O)O*)CC1,30
*Oc1cc(CCCCCCCCC)cc(OC(=O)c2cccc(C(*)=O)c2)c1,41.5
*Oc1cc(CCCCCCCC)cc(OC(=O)c2cccc(C(*)=O)c2)c1,50.5
*Oc1ccc(-c2ccc(OC(=O)c3cc(CCCCC)cc(C(*)=O)c3)cc2)cc1,138
*CC(F)(F)C(F)(F)C(F)(F)COC(=O)c1cccc(C(=O)O*)c1OCCCCC,17
*CC(F)(F)C(F)(F)C(F)(F)COC(=O)c1ccc(OCCCCC)c(C(=O)O*)c1,9
*CC(F)(F)C(F)(F)C(F)(F)COC(=O)c1cc(OCCCCC)cc(C(=O)O*)c1,-30
*Oc1ccc(Cc2ccc(OC(=O)c3cc(OCCCCC)cc(C(*)=O)c3)cc2)cc1,110
*Oc1c(-c2ccccc2)cc(-c2cc(-c3ccccc3)c(OC(=O)CCCCCCCCC(*)=O)c(-c3ccccc3)c2)cc1-c1ccccc1,98
*Oc1ccc(C2(c3ccc(OC(=O)CCCCCCCCC(*)=O)cc3)c3ccccc3-c3ccccc32)cc1,151
*Oc1cccc(C(F)(F)C(F)(F)C(F)(F)c2cccc(OC(=O)c3cccc(C(F)(F)C(F)(F)C(F)(F)c4cccc(C(*)=O)c4)c3)c2)c1,74
*Oc1ccc(C(C)(C)c2ccc(OC(=O)c3ccc(C(C)(CC)c4ccc(C(*)=O)cc4)cc3)cc2)cc1,211
*Oc1ccc(C(C)(C)c2ccc(OC(=O)c3cccc(C(F)(F)C(F)(F)C(F)(F)c4cccc(C(*)=O)c4)c3)cc2)cc1,122
*Oc1ccc(C(C)(C)c2ccc(OC(=O)CCCCCCCCC(*)=O)cc2)cc1,14.25
*Oc1c(-c2ccccc2)cc(Cc2cc(-c3ccccc3)c(OC(=O)CCCCCCCCC(*)=O)c(-c3ccccc3)c2)cc1-c1ccccc1,92
*Oc1c(C)cc(-c2cc(C)c(OC(=O)CCCCCC(*)=O)c(C)c2)cc1C,96
*Oc1c(C)cc(C(C)(C)c2cc(C)c(OC(=O)CCCCCC(*)=O)c(C)c2)cc1C,84
*Oc1c(-c2ccccc2)cc(Cc2cc(-c3ccccc3)c(OC(=O)CCCCCC(*)=O)c(-c3ccccc3)c2)cc1-c1ccccc1,111
*Oc1cc(CCC)cc(OC(=O)c2cccc(C(*)=O)c2)c1,129
*Oc1ccc(C(C)(C)c2ccc(OC(=O)c3ccc(C(*)=O)cc3)c(CCCC)c2)cc1CCCC,160
*Oc1ccc(C(C)(C)c2ccc(OC(=O)c3ccc(C(*)=O)cc3)c(C(C)CC)c2)cc1C(C)CC,90
*Oc1ccc(C(C)(C)c2ccc(OC(=O)c3ccc(C(*)=O)cc3)c(Cl)c2)cc1Cl,190
*Oc1ccc(C(C)(C)c2ccc(OC(=O)c3ccc(C(*)=O)cc3)c(C(C)C)c2)cc1C(C)C,140
*Oc1cccc(OC(=O)c2cc(OCCCCC)cc(C(*)=O)c2)c1,96
*Oc1c(C)cc(C(C)(C)c2cc(C)c(OC(=O)c3ccc(C(*)=O)cc3)c(C)c2)cc1C,239
*Oc1ccc(C2(c3ccc(OC(=O)c4ccc(C(*)=O)cc4)cc3)c3ccccc3-c3ccccc32)cc1,285
*Oc1cc(CCCCCCCCCCCCC)cc(OC(=O)c2cccc(C(*)=O)c2)c1,25.5
*Oc1cc(CCCCCCCCCCC)cc(OC(=O)c2cccc(C(*)=O)c2)c1,34.5
*CC(C)(C)CS(=O)(=O)CC(C)(C)COC(=O)c1ccc(C(=O)O*)cc1,105
*c1ccc(OC(=O)c2cccc(C(=O)Oc3ccc(C4(*)NC(=O)c5ccccc54)cc3)c2)cc1,325
*c1ccc(OC(=O)c2ccc(C(=O)Oc3ccc(C4(*)NC(=O)c5ccccc54)cc3)cc2)cc1,327
*c1ccc(OC(=O)c2cc(C(=O)Oc3ccc(C4(*)OC(=O)c5ccccc54)cc3)cc(C(C)(C)C)c2)cc1,279
*c1ccc(OC(=O)c2cc(Cl)cc(C(=O)Oc3ccc(C4(*)OC(=O)c5ccccc54)cc3)c2)cc1,313
*OC1CCC(OC(=O)CCCCCCCCC(*)=O)CC1,66
*OC(C)COC(=O)c1ccccc1C(*)=O,95
*OC(C)COC(=O)c1ccc(C(*)=O)cc1,98
*Oc1ccc(C2(c3ccc(OC(=O)c4ccc(C(*)=O)cc4)cc3)CCc3ccccc32)cc1,312
*Oc1ccc(-c2ccc(OC(=O)c3ccc(C(*)=O)cc3)cc2)cc1-c1ccccc1,132
*CCCCCCCOC(=O)c1ccc(-c2ccc(C(=O)O*)cc2)cc1,44
*CCCCOC(=O)c1ccc([Si](C)(C)c2ccc(C(=O)O*)cc2)cc1,42
*CCCCOC(=O)c1ccc(C(C)(C)c2ccc(C(=O)O*)cc2)cc1,44
*Oc1ccc(OC(=O)c2ccc([Si](C)(C)c3ccc(C(*)=O)cc3)cc2)cc1,176
*Oc1ccc(OC(=O)c2ccc(C(C)(C)c3ccc(C(*)=O)cc3)cc2)cc1,195
*Oc1cccc(OC(=O)c2ccc([Si](C)(C)c3ccc(C(*)=O)cc3)cc2)c1,134
*Oc1cccc(OC(=O)c2ccc(C(C)(C)c3ccc(C(*)=O)cc3)cc2)c1,158
*Oc1ccc(C(C)(C)c2ccc(OC(=O)CN(CC(*)=O)c3ccc(/N=N/c4ccc([N+](=O)[O-])cc4)cc3)cc2)cc1,152
*Oc1ccc(OC(=O)/C=C/c2ccc(/C=C/C(*)=O)cc2)cc1,210
*Oc1ccc(-c2ccc(OC(=O)/C=C/c3ccc(/C=C/C(*)=O)cc3)cc2)cc1,243
*C(=O)OCCCCOC(=O)c1ccc(NC(=O)c2ccc(N3C(=O)c4ccc(*)cc4C3=O)cc2)cc1,130
*C(=O)OCCCCCOC(=O)c1ccc(NC(=O)c2ccc(N3C(=O)c4ccc(*)cc4C3=O)cc2)cc1,129
*C(=O)OCCCCCCOC(=O)c1ccc(NC(=O)c2ccc(N3C(=O)c4ccc(*)cc4C3=O)cc2)cc1,107
*C(=O)OCCCCCCCOC(=O)c1ccc(NC(=O)c2ccc(N3C(=O)c4ccc(*)cc4C3=O)cc2)cc1,106
*C(=O)OCCCCCCCCOC(=O)c1ccc(NC(=O)c2ccc(N3C(=O)c4ccc(*)cc4C3=O)cc2)cc1,105
*C(=O)OCCCCCCCCCOC(=O)c1ccc(NC(=O)c2ccc(N3C(=O)c4ccc(*)cc4C3=O)cc2)cc1,100
*C(=O)OCCCCCCCCCCOC(=O)c1ccc(NC(=O)c2ccc(N3C(=O)c4ccc(*)cc4C3=O)cc2)cc1,102
*C(=O)OCCCCCCCCCCCCOC(=O)c1ccc(NC(=O)c2ccc(N3C(=O)c4ccc(*)cc4C3=O)cc2)cc1,74
*CCOC(=O)c1ccc(-c2ccc(C(=O)O*)cc2C)c(C)c1,73
*CCOC(=O)c1ccc(C2(C)CC(C)(C)c3ccc(C(=O)O*)cc32)cc1,154
*Oc1ccc(OC(=O)CCCCCCCCC(*)=O)cc1,52.8
*Oc1ccc(C(C)(C)c2ccc(OC(=O)c3ccc(S(=O)(=O)c4ccc(C(*)=O)cc4)cc3)cc2)cc1,220
*Oc1ccc(S(=O)(=O)c2ccc(OC(=O)c3cccc(C(*)=O)c3)cc2)cc1,249
*OC(C)CCCCC(*)=O,-40
*c1ccc(OC(=O)c2cccc(C(=O)Oc3ccc(C4(*)c5ccccc5C(=O)N4C)cc3)c2)cc1,285
*c1ccc(OC(=O)c2ccc(C(=O)Oc3ccc(C4(*)c5ccccc5C(=O)N4C)cc3)cc2)cc1,282
*Cc1ccc2nc(-c3cc(-c4nc5ccc(*)cc5c(=O)o4)cc(N4C(=O)c5ccccc5C4=O)c3)oc(=O)c2c1,322
*c1ccc(OC(=O)c2cccc(C(=O)Oc3ccc(C4(*)C(=O)Nc5ccccc54)cc3)c2)cc1,256
*c1ccc(OC(=O)c2cccc(C(=O)Oc3ccc(C4(*)C(=O)Nc5c(Cl)cc(Cl)cc54)cc3)c2)cc1,270
*CCC(=O)N*,145.5
*CCCCNC(=O)CCCCC(=O)N*,58
*CCCCCNC(=O)CCCCC(=O)N*,46.5
*CCCCCC(=O)N*,51.6
*CCCCCCNC(=O)CCCCC(=O)N*,58.2
*CCCCCCNC(=O)CCCCCC(=O)N*,54
*CCCCCCNC(=O)CCCCCCC(=O)N*,57
*CCCCCCNC(=O)CCCCCCCC(=O)N*,42.3
*CCCCCCNC(=O)CCCCCCCCC(=O)N*,45
*CCCCCCNC(=O)CCCCCCCCCCC(=O)N*,46
*CCCCCCC(=O)N*,52
*CCCCCCCNC(=O)CCCCC(=O)N*,55
*CCCCCCCNC(=O)CCCCCC(=O)N*,55
*CCCCCCCC(=O)N*,37
*CCCCCCCCNC(=O)CCCCC(=O)N*,50
*CCCCCCCCNC(=O)CCCCCCCCC(=O)N*,54
*CCCCCCCCNC(=O)CCCCCCCCCCC(=O)N*,50
*CCCCCCCCNC(=O)CCCCCCCCCCCCCCCCCCCCC(=O)N*,48
*CCCCCCCCC(=O)N*,48
*CCCCCCCCCNC(=O)CCCCC(=O)N*,68
*CCCCCCCCCC(=O)N*,43
*CCCCCCCCCCNC(=O)CCCCCCCCCCC(=O)N*,49
*CCCCCCCCCCC(=O)N*,46
*CCCCCCCCCCCC(=O)N*,42
*CCCCCCCCCCCCNC(=O)CCCCCCCCCCCCCCCCC(=O)N*,46.5
*CCCCCCCCCCCCC(=O)N*,41
*CCCCCCCCCCCCCCNC(=O)CCCCCCCCCCCCCCCCC(=O)N*,48
*CCCCCCCCCCCCCCCCCCNC(=O)CCCCCCCCCCCCCCCCC(=O)N*,50
*NC1CCC(CC2CCC(NC(=O)CCCCC(*)=O)CC2)CC1,185
*CCCC1(CCCNC(=O)CCCCC(=O)N*)c2ccccc2-c2ccccc21,120
*CCCP(CCCNC(=O)CCCCC(=O)N*)CC(C)C,71
*CCCCCCCCCCNC(=O)CCCCC(=O)N*,45
*CCCCCCCCCCNC(=O)CCCCCCCCC(=O)N*,60
*CCCNC(=O)CCCCC(=O)NCCCN(*)C,5
*Cc1cc(C)c(CNC(=O)CCCCC(=O)N*)cc1C,70
*CCCCP(C)(=O)CCCNC(=O)CCCCC(=O)N*,59
*CCCP(C)(=O)CCCNC(=O)CCCCC(=O)N*,33
*CCCP(CCCNC(=O)CCCCC(=O)N*)c1ccccc1,49
*CCCP(=O)(CCCNC(=O)CCCCC(=O)N*)c1ccccc1,55
*CCCCCCNC(=O)c1cc(C(=O)N*)cc(C(C)(C)C)c1,163
*CC1CCC(CNC(=O)c2cc(C(=O)N*)cc(C(C)(C)C)c2)CC1,236
*Cc1cccc(CNC(=O)c2cc(C(=O)N*)cc(C(C)(C)C)c2)c1,192
*Cc1ccc(CNC(=O)c2cc(C(=O)N*)cc(C(C)(C)C)c2)cc1,204
*CC(C)CCC(C)CNC(=O)c1cc(C(=O)N*)cc(C(C)(C)C)c1,149
*CCC(C)C(C)CCNC(=O)c1cc(C(=O)N*)cc(C(C)(C)C)c1,173
*CCCC1(CCCNC(=O)c2ccccc2-c2ccccc2C(=O)N*)c2ccccc2-c2ccccc21,165
*CCCCCCNC(=O)Cc1ccc(C(=O)N*)cc1,104
*NC1CCC(CC2CCC(NC(=O)CCCCCCCCCCC(*)=O)CC2)CC1,142
*NC1CCC(CC2CCC(NC(=O)CCCCCCCCC(*)=O)CC2)CC1,144
*CCc1ccc(CCNC(=O)CCCCCCCCCCCCCCCCC(=O)N*)cc1,75
*CCc1ccc(CCNC(=O)CCCCCCCCCCCCC(=O)N*)cc1,93
*CCc1ccc(CCNC(=O)CCCCCCCCCC(=O)N*)cc1,96
*CCc1ccc(CCNC(=O)CCCCCCCCC(=O)N*)cc1,105
*CCCC(C)(C)CNC(=O)CCCC(=O)N*,82
*Nc1ccc(-c2ccc(NC(=O)c3cccc(C(*)=O)c3)cc2)cc1,294
*CCCCCCNC(=O)c1cccc(C(=O)N*)c1,120
*CCCCCCCCNC(=O)c1cccc(C(=O)N*)c1,110
*CC1CCC(CNC(=O)c2cccc(C(=O)N*)c2)CC1,208
*CCCC1(CCCNC(=O)c2cccc(C(=O)N*)c2)c2ccccc2-c2ccccc21,175
*Cc1cccc(CNC(=O)c2cccc(C(=O)N*)c2)c1,172
*CCC(C)C(C)CCNC(=O)c1cccc(C(=O)N*)c1,125
*CCCC(C)(C)CNC(=O)c1cccc(C(=O)N*)c1,153
*Nc1ccc(Cc2ccc(NC(=O)c3cccc(C(*)=O)c3)cc2)cc1,265
*CCCCCCCCCCNC(=O)/C=C(\C)C(=O)N*,74
*CCCCCCNC(=O)/C=C(\C)C(=O)N*,94
*Cc1cccc(CNC(=O)/C=C(\C)C(=O)N*)c1,135
*CCCCCCNC(=O)CCC(C)CC(=O)N*,17
*CC1CC(CNC(=O)c2cccc(C(=O)N*)c2)CC(C(C)(C)C)C1,209
*Cc1cc(CNC(=O)CCCCC(=O)N*)cc(C(C)(C)C)c1,109
*Cc1cc(CNC(=O)c2cccc(C(=O)N*)c2)cc(C(C)(C)C)c1,188
*CC1CCCC(CNC(=O)c2cc(C(=O)N*)cc(C(C)(C)C)c2)C1,200
*CC1CCCC(CNC(=O)c2cccc(C(=O)N*)c2)C1,180
*CCCC1(CCCNC(=O)CCCCCCCCC(=O)N*)c2ccccc2-c2ccccc21,85
*CCCCCCNC(=O)c1ccccc1-c1ccccc1C(=O)N*,122.5
*CCCCCCNC(=O)c1ccc(C(C)(CC)c2ccc(C(=O)N*)cc2)cc1,164
*CCCCNC(=O)c1ccc(C(C)(CC)c2ccc(C(=O)N*)cc2)cc1,182
*CCCCCNC(=O)Cc1ccc(C(=O)N*)cc1,103
*CCCCNC(=O)Cc1ccc(C(=O)N*)cc1,84
*CCCNC(=O)Cc1ccc(C(=O)N*)cc1,109
*CCCCCCCCNC(=O)Cc1ccc(CC(=O)N*)cc1,110
*CCCCCCNC(=O)CCC1(CCC(=O)N*)c2ccccc2-c2ccccc21,122
*CCCCCCNC(=O)CCP(=S)(CCC(=O)N*)c1ccccc1,43
*CCCCCCNC(=O)CCP(=O)(CCC(=O)N*)c1ccccc1,29
*CCCCCNC(=O)c1ccc(C(=O)N*)cc1,177
*NC1CC(C)(C)CC(C)(CNC(=O)CCCCC(*)=O)C1,150.8
*Cc1cccc(CNC(=O)CCCCC(=O)N*)c1,84
*Cc1cccc(CNC(=O)c2ccccc2-c2ccccc2C(=O)N*)c1,159
*Cc1ccc(CNC(=O)CC(C)(C)CC(C)C(=O)N*)cc1,125
*Cc1ccc(CNC(=O)CCCCCCCCCCC(=O)N*)cc1,105
*Cc1ccc(CNC(=O)CCCCCCCCCCCCCCCCC(=O)N*)cc1,75
*Cc1cccc(CNC(=O)CCC2(CCC(=O)N*)c3ccccc3-c3ccccc32)c1,150
*Cc1ccc(CNC(=O)CCCCCCCCCCCCCC(=O)N*)cc1,90
*Cc1ccc(CNC(=O)CCCCCCCCC(=O)N*)cc1,115
*Cc1ccc(CNC(=O)CCCCCCCCCCCC(=O)N*)cc1,100
*Cc1ccc(CNC(=O)CCCCCCCCCC(=O)N*)cc1,110
*CCCC(C)(C)CNC(=O)CCCCC(=O)N*,77
*CCC(C)(C)CC(C)CNC(=O)CCCCC(=O)N*,65
*CCCC(C)(C)CNC(=O)CCCCCCCC(=O)N*,63
*CCCC(C)(C)CNC(=O)CCCCCC(=O)N*,70.5
*CCCC(C)(C)CNC(=O)c1ccc(C(=O)N*)cc1,157
*Nc1cccc2c(NC(=O)c3cccc(C(*)=O)c3)cccc12,325
*Nc1cccc2c(NC(=O)c3ccc(C(*)=O)cc3)cccc12,305
*CCCC(C)(C)CNC(=O)C(=O)N*,109
*CCCCCCCCCCCCCCCCCCNC(=O)Cc1ccc(CC(=O)N*)cc1,78
*CCCC1(CCCNC(=O)CCC2(CCC(=O)N*)c3ccccc3-c3ccccc32)c2ccccc2-c2ccccc21,165
*CCCCCCCCCCCCNC(=O)CCc1ccc(CCC(=O)N*)cc1,85
*CCCCCCCCCCCCCCCCCCNC(=O)CCc1ccc(CCC(=O)N*)cc1,65
*Nc1cccc(NC(=O)c2cccc(C(*)=O)c2)c1,275
*Nc1ccc(NC(=O)c2cccc(C(*)=O)c2)cc1,295
*Nc1cccc(NC(=O)CCCCCCCCC(*)=O)c1,110
*Nc1cccc(NC(=O)c2ccc(C(*)=O)cc2)c1,238
*Nc1ccc(NC(=O)c2ccc(C(*)=O)cc2)cc1,295
*Nc1ccc(-c2ccc(NC(=O)c3ccc(C(*)=O)cc3)cc2)cc1,340
*CCCC(CCNC(=O)c1ccc(C(=O)N*)cc1)C(C)C,150
*CCCCCCCCCCCCNC(=O)c1ccc(C(=O)N*)cc1,130
*CCCCCCCNC(=O)c1ccc(C(=O)N*)cc1,160
*CCCCCCNC(=O)c1ccc(C(=O)N*)cc1,132.5
*CCCCCCCCCNC(=O)c1ccc(C(=O)N*)cc1,115
*Cc1cc(C)c(CNC(=O)c2ccc(C(=O)N*)cc2)cc1C,225
*CCCC(C)(C)CCCNC(=O)c1ccc(C(=O)N*)cc1,152
*NC(C)CCC(C)(C)CCCNC(=O)c1ccc(C(*)=O)cc1,150
*CCC(C)CC(C)(C)CNC(=O)c1ccc(C(=O)N*)cc1,147
*CCC(C)(C)CC(C)CNC(=O)c1ccc(C(=O)N*)cc1,148
*Nc1ccc(Cc2ccc(NC(=O)c3ccc(C(*)=O)cc3)cc2)cc1,294.5
*CCCCCCN(C(=O)C(F)(F)C(F)(F)C(F)(F)C(=O)N(*)C(C)C)C(C)C,142.5
*CCCC(CC)CCNC(=O)c1ccc(C(=O)N*)cc1,135
*c1cccc(NC(=O)CCCCC(=O)Nc2cccc(S(*)(=O)=O)c2)c1,140
*c1ccc(NC(=O)CCCCC(=O)Nc2ccc(S(*)(=O)=O)cc2)cc1,194
*c1cccc(NC(=O)CCCCCCCC(=O)Nc2cccc(S(*)(=O)=O)c2)c1,125
*c1ccc(NC(=O)CCCCCCCC(=O)Nc2ccc(S(*)(=O)=O)cc2)cc1,178
*c1cccc(NC(=O)CCCCCCCCCCC(=O)Nc2cccc(S(*)(=O)=O)c2)c1,107
*c1ccc(NC(=O)CCCCCCCCCCC(=O)Nc2ccc(S(*)(=O)=O)cc2)cc1,160
*c1ccc(NC(=O)CCCCCC(=O)Nc2ccc(S(*)(=O)=O)cc2)cc1,163
*c1cccc(NC(=O)CCCCCCCCC(=O)Nc2cccc(S(*)(=O)=O)c2)c1,112
*c1ccc(NC(=O)CCCCCCCCC(=O)Nc2ccc(S(*)(=O)=O)cc2)cc1,72.34
*c1cccc(NC(=O)CCCCCCC(=O)Nc2cccc(S(*)(=O)=O)c2)c1,125
*NC(CCC(=O)OC)C(*)=O,0
*C(=O)CCCCCCCCC(=O)N1CCN(*)CC1,82
*CCCCCCCCCCC(=O)NCCCCCC(=O)N*,25.5
*NC(C)CC(*)=O,125
*CCCC(=O)N*,62.8
*CCNC(=O)CCCCC(=O)N*,71
*CCCCCNC(=O)CC(=O)N*,65
*CCCCCCNC(=O)CCCCCCCCCCCCCCCCC(=O)N*,47
*CCCCCCCCNC(=O)CCCCCCCCCCCCCCCCC(=O)N*,36
*CCCCCCCCCCNC(=O)CCCCCCCCCCCCCCCCC(=O)N*,46
*CCCCCCCCCCCNC(=O)CCCCCCCCC(=O)N*,40
*CCCNC(=O)c1ccc(C(=O)N*)cc1,180
*CCCCCCNC(=O)Cc1ccc(CC(=O)N*)cc1,95
*CCCCCCNC(=O)CCc1ccc(CCC(=O)N*)cc1,85
*CCCCCCCCNC(=O)c1ccc(C(=O)N*)cc1,123
*CCCCCCCCCCNC(=O)c1ccc(Cc2ccc(C(=O)N*)cc2)cc1,140
*CCCCCCCCCCCCCCNC(=O)CCc1ccc(CCC(=O)N*)cc1,85
*CC1CCC(CNC(=O)CCCCC(=O)N*)CC1,113
*CC1CCC(CNC(=O)CCCCCCCCC(=O)N*)CC1,89
*CC1CCC(CNC(=O)CCCCCCCCCCC(=O)N*)CC1,85
*NC1CCC(CCC2CCC(NC(=O)CCCCCCCCC(*)=O)CC2)CC1,116
*NC1CCC(CCC2CCC(NC(=O)CCCCCCCCCCC(*)=O)CC2)CC1,105
*Nc1cccc(NC(=O)CCCCC(*)=O)c1,114.25
*Nc1ccc(NC(=O)CCCCC(*)=O)cc1,133
*Nc1cccc(NC(=O)CCCCCCC(*)=O)c1,115.5
*Nc1ccc(NC(=O)CCCCCCC(*)=O)cc1,138
*Nc1ccc(Cc2ccc(NC(=O)CCCCCCCC(*)=O)cc2)cc1,140
*Nc1ccc(NC(=O)CCCCCCCCC(*)=O)cc1,125
*Nc1ccc(Cc2ccc(NC(=O)CCCCCCCCC(*)=O)cc2)cc1,160
*CCCCCCCCCCC(=O)N(*)C,-12
*CCCCCCCCCCCC(=O)N(*)C,-29
*NC(CCC(=O)OCc1ccccc1)C(*)=O,17
*C(=O)NCCCCCCNC(=O)c1ccc(*)nc1,80
*Nc1ccc(NC(=O)c2ccc(P(=O)(c3ccccc3)c3ccc(C(*)=O)cc3)cc2)cc1,252
*CCCCCCNC(=O)C(=O)N*,250
*C(=O)c1ccc(C(=O)N2CC(C)N(*)CC2C)cc1,350
*C(=O)c1cccc(C(=O)N2CCN(*)CC2)c1,214.5
*Nc1ccc(CC(C)(C)NC(=O)CCC(*)=O)cc1,158
*Nc1ccc(CC(C)(C)NC(=O)CCCCC(*)=O)cc1,130
*Nc1ccc(CC(C)(C)NC(=O)CCCCCCCCC(*)=O)cc1,92
*Nc1ccc(CC(C)(C)NC(=O)c2ccc(C(*)=O)cc2)cc1,175
*CC(C)C(=O)N*,96
*C(=O)NC1CCCC(*)O1,145
*CC1CCCC(CNC(=O)CCCCC(=O)N*)C1,107
*NC1CCC(CC2CCC(NC(=O)CCCCCCCCCCCCC(*)=O)CC2)CC1,131
*NC(CCC(=O)OCCCCC)C(*)=O,-20
*NC(CCC(=O)OCCCC)C(*)=O,-15
*NC(CCC(=O)OCCCCCC)C(*)=O,-25
*NC(CCC(=O)OCC)C(*)=O,0
*NC(CCC(=O)OCCCCCCCC)C(*)=O,-59.5
*NC(CCC(=O)OCCC)C(*)=O,-10
*CCCCCCCCCCNC(=O)CCP(C)(=O)CCC(=O)N*,45.5
*CCCCCCCCCCCCNC(=O)CCP(C)(=O)CCC(=O)N*,44
*CCCCCCNC(=O)CCc1ccc(CC(=O)N*)cc1,87
*CCCCCCNC(=O)CC(C)(C)c1ccc(C(C)(C)CC(=O)N*)cc1,91
*CCCCCCNC(=O)CC(C)c1ccc(C(C)CC(=O)N*)cc1,88
*Nc1ccc(C(C)(C)c2ccc(NC(=O)c3cccc(C(*)=O)c3)cc2)cc1,279
*Nc1ccc(NC(=O)CCCCCCCC(*)=O)cc1,130
*Nc1ccc(NC(=O)CCCC(*)=O)cc1,135
*CCCCNC(=O)c1cccc(C(=O)N*)c1,141
*CCCCCCNC(=O)c1c(Cl)c(Cl)c(C(=O)N*)c(Cl)c1Cl,282
*CCCCCCCCc1nc2cc(NC(=O)CCCCC(=O)Nc3ccc4oc(*)nc4c3)ccc2o1,92
*CCCCCCc1nc2cc(NC(=O)CCCCCCCCC(=O)Nc3ccc4oc(*)nc4c3)ccc2o1,86
*CCCCCCCCc1nc2cc(NC(=O)CCCCCCCCC(=O)Nc3ccc4oc(*)nc4c3)ccc2o1,93
*CCCCCCc1nc2cc(NC(=O)CCCCCCC(=O)Nc3ccc4oc(*)nc4c3)ccc2o1,77
*Nc1ccc(NC(=O)CCCCCC(*)=O)cc1,133
*Nc1ccc(CCNC(=O)CCCCC(*)=O)cc1,115
*Nc1cccc(NC(=O)c2cc(C(*)=O)cc(S(=O)(=O)c3ccccc3)c2)c1,277
*Nc1ccc(NC(=O)c2cc(C(*)=O)cc(S(=O)(=O)c3ccccc3)c2)cc1,308
*Nc1ccc(-c2ccc(NC(=O)c3cc(C(*)=O)cc(S(=O)(=O)c4ccccc4)c3)cc2)cc1,319
*Oc1ccc(NC(=O)c2cc(C(=O)Nc3ccc(*)cc3)cc(S(=O)(=O)c3ccccc3)c2)cc1,279
*Nc1ccc(Cc2ccc(NC(=O)c3cc(C(*)=O)cc(S(=O)(=O)c4ccccc4)c3)cc2)cc1,270
*Nc1ccc(C(C)(C)c2ccc(NC(=O)c3cc(C(*)=O)cc(S(=O)(=O)c4ccccc4)c3)cc2)cc1,287
*c1ccc(NC(=O)c2cc(C(=O)Nc3ccc(S(*)(=O)=O)cc3)cc(S(=O)(=O)c3ccccc3)c2)cc1,307
*CCCCCCNC(=O)CCCCC(=O)NCC(=O)N*,53.4
*Nc1ccc(NC(=O)c2cccc(C(=O)c3ccc(C(*)=O)cc3)c2)cc1,257.5
*Nc1cccc(C(=O)c2ccc(NC(=O)c3cccc(C(=O)c4ccc(C(*)=O)cc4)c3)cc2)c1,215
*Nc1ccc(Cc2ccc(NC(=O)/C=C/c3ccc(/C=C/C(*)=O)cc3)cc2)cc1,230
*Nc1c(C)c(C)c(C(=O)c2ccc(NC(=O)c3ccc(C(*)=O)cc3)cc2)c(C)c1C,366
*Nc1ccc(C(=O)c2c(C)c(C)c(C(=O)c3ccc(NC(=O)c4ccc(C(*)=O)cc4)cc3)c(C)c2C)cc1,345
*Nc1cc(NC(=O)c2cc(OCCN(C)c3ccc(C#N)cc3)cc(C(*)=O)c2)cc(C(=O)OCCN(C)c2ccc(C#N)cc2)c1,167
*Nc1cc(NC(=O)c2ccc(C(*)=O)cc2)cc(-c2nc3ccccc3[nH]2)c1,267.5
*Nc1ccc(NC(=O)c2ccc(NC(=O)c3ccc(P(=O)(c4ccccc4)c4ccc(C(*)=O)cc4)cc3)cc2)cc1,243
*CCCCCCNC(=O)c1ccc(C2(C)CC(C)(C)c3ccc(C(=O)N*)cc32)cc1,190
*Nc1cc(NC(=O)c2ccc(C(*)=O)cc2)cc(-c2nc3ccccc3oc2=O)c1,103
*CCOC(=O)NCCCCCCNC(=O)O*,56
*CCOC(=O)NCCCCCCCCCNC(=O)O*,44
*CCOC(=O)NCCCCCCCCCCNC(=O)O*,60.8
*CCCOC(=O)NCCCCCCNC(=O)O*,55
*CCCCOC(=O)NCCCCCCNC(=O)O*,33.5
*CCCCOC(=O)NCC(F)(F)C(F)(F)C(F)(F)C(F)(F)CNC(=O)O*,33
*CCCCCOC(=O)NCCCCCCNC(=O)O*,33
*CCCCCOC(=O)NCC(F)(F)C(F)(F)C(F)(F)C(F)(F)CNC(=O)O*,33
*CCCCCCOC(=O)NCC(F)(F)C(F)(F)C(F)(F)C(F)(F)CNC(=O)O*,5
*CCCCCCOC(=O)NCCCCCCNC(=O)O*,168
*CCCCCCCOC(=O)NCCCCCCNC(=O)O*,55
*CCCCCCCCOC(=O)NCCCCCCNC(=O)O*,58
*CCCCCCCCCOC(=O)NCCCCCCNC(=O)O*,58
*CCCCCCCCCCOC(=O)NCCCCCCNC(=O)O*,55
*CCCCCCCCCCCCOC(=O)NCCCCCCNC(=O)O*,36
*CCCCCCCCCCCCOC(=O)NCCCCCCCCCCNC(=O)O*,34
*CCCCCCCCCCCCCCCCOC(=O)NCCCCCCNC(=O)O*,39
*CCCCCCCCCCCCCCCCOC(=O)NCCCCCCCCCCNC(=O)O*,34
*CC#CCOC(=O)NCCCCCCNC(=O)O*,-45
*CC(F)(F)C(F)(F)COC(=O)NCCCCCCNC(=O)O*,9
*CC(F)(F)C(F)(F)COC(=O)NCC(F)(F)C(F)(F)C(F)(F)C(F)(F)CNC(=O)O*,38
*CC(F)(F)C(F)(F)C(F)(F)COC(=O)NCCCCCCNC(=O)O*,16
*CC(F)(F)C(F)(F)C(F)(F)COC(=O)NCC(F)(F)C(F)(F)C(F)(F)C(F)(F)CNC(=O)O*,25
*CC(F)(F)C(F)(F)C(F)(F)C(F)(F)COC(=O)NCCCCCCNC(=O)O*,-2
*CC(F)(F)C(F)(F)C(F)(F)C(F)(F)COC(=O)NCC(F)(F)C(F)(F)C(F)(F)C(F)(F)CNC(=O)O*,20
*CCOC(=O)Nc1cc(NC(=O)O*)ccc1C,52
*CCCOC(=O)Nc1cc(NC(=O)O*)ccc1C,6
*CCCCOC(=O)Nc1ccc(C)c(NC(=O)O*)c1,42
*CCCCCOC(=O)Nc1ccc(C)c(NC(=O)O*)c1,52
*CCCCCCOC(=O)Nc1ccc(C)c(NC(=O)O*)c1,32
*CCCCCCCOC(=O)Nc1ccc(C)c(NC(=O)O*)c1,61
*CC(CC)(CC)COC(=O)Nc1ccc(C)c(NC(=O)O*)c1,-60
*CCCCCCCCOC(=O)Nc1ccc(C)c(NC(=O)O*)c1,64
*CCCCCCCCCOC(=O)Nc1ccc(C)c(NC(=O)O*)c1,62
*CCCCCCCCCCOC(=O)Nc1ccc(C)c(NC(=O)O*)c1,18
*CCCCCCOC(=O)NCc1ccc(CNC(=O)O*)cc1,56
*CCCCCCCCCCOC(=O)NCc1ccc(CNC(=O)O*)cc1,49
*CCCCCCCCCCCCOC(=O)NCc1ccc(CNC(=O)O*)cc1,45
*CCCCCCCCCCCCCCCCOC(=O)NCc1ccc(CNC(=O)O*)cc1,47
*CCOC(=O)Nc1ccc(Cc2ccc(NC(=O)O*)cc2)cc1,139
*CCCOC(=O)Nc1ccc(Cc2ccc(NC(=O)O*)cc2)cc1,119
*CCCCOC(=O)Nc1ccc(Cc2ccc(NC(=O)O*)cc2)cc1,109
*CCCCCOC(=O)Nc1ccc(Cc2ccc(NC(=O)O*)cc2)cc1,95
*CC(C)(C)COC(=O)Nc1ccc(Cc2ccc(NC(=O)O*)cc2)cc1,94
*CCCCCCOC(=O)Nc1ccc(Cc2ccc(NC(=O)O*)cc2)cc1,71
*CCCCCCCOC(=O)Nc1ccc(Cc2ccc(NC(=O)O*)cc2)cc1,84
*CCCCCCCCOC(=O)Nc1ccc(Cc2ccc(NC(=O)O*)cc2)cc1,79
*CCCCCCCCCOC(=O)Nc1ccc(Cc2ccc(NC(=O)O*)cc2)cc1,72
*CCCCCCCCCCOC(=O)Nc1ccc(Cc2ccc(NC(=O)O*)cc2)cc1,60
*CCCCCCCCCCCCOC(=O)Nc1ccc(Cc2ccc(NC(=O)O*)cc2)cc1,43
*CCCCCCCCCCCCCCCCOC(=O)Nc1ccc(Cc2ccc(NC(=O)O*)cc2)cc1,40
*Cc1cccc(COC(=O)Nc2ccc(Cc3ccc(NC(=O)O*)cc3)cc2)c1,106
*Cc1cc(COC(=O)Nc2ccc(Cc3ccc(NC(=O)O*)cc3)cc2)cc(C(C)(C)C)c1,114
*CCOC(=O)Nc1ccc(CCc2ccc(NC(=O)O*)cc2)cc1,116.9
*CCOC(=O)Nc1ccc(CCCc2ccc(NC(=O)O*)cc2)cc1,74.1
*CCOC(=O)Nc1ccc(CCCCc2ccc(NC(=O)O*)cc2)cc1,105.7
*C/C=C/COC(=O)NCCCCCCNC(=O)O*,-39
*C(=O)OCCOC(=O)N1CCN(*)CC1,60
*C(=O)OCC(C)(C)COC(=O)N1CCN(*)CC1,70
*CC(C)(C)COC(=O)Nc1ccc(C)c(NC(=O)O*)c1,-32
*CC1CCC(COC(=O)Nc2ccc(Cc3ccc(NC(=O)O*)cc3)cc2)CC1,134
*CCCCCCOC(=O)NCCCCNC(=O)O*,16
*CCCCCCCCCCCCCNC(=O)CCCCCCCCCCCC(=O)N*,56.5
*CC(C)(C)CS(=O)(=O)CC(C)(C)COC(=O)NCCCCCCNC(=O)O*,30
*C(=O)OCC(C)(C)CS(=O)(=O)CC(C)(C)COC(=O)N1CC(C)N(*)CC1C,85
*OC(COC(=O)Nc1ccc(Cc2ccc(NC(*)=O)cc2)cc1)c1ccco1,40
*OC(c1ccco1)C(OC(=O)Nc1ccc(Cc2ccc(NC(*)=O)cc2)cc1)c1ccco1,74
*COC(=O)Nc1ccc(Cc2ccc(NC(=O)OCc3cocc3*)cc2)cc1,45
*OC(COC(=O)NCCCCCCNC(*)=O)c1ccco1,17
*Oc1ccc(C(c2ccc(OC(=O)Nc3ccc(Cc4ccc(NC(*)=O)cc4)cc3)cc2)(C(F)(F)F)C(F)(F)F)cc1,81
*CC(C)(C)CS(=O)(=O)CC(C)(C)COC(=O)Nc1ccc(Cc2ccc(NC(=O)O*)cc2)cc1,90
*CCCCCCCNC(=O)N*,62
*CCCCCCCCCNC(=O)N*,130
*CCCCCCCCCCCCNC(=O)NCCCCCCNC(=O)N*,49
*CCCCCCCCCCCCCCNC(=O)NCCCCCCNC(=O)N*,47
*CCCCCCCCCCCCCCNC(=O)NCCCCCCCCCCNC(=O)N*,40
*CCCCCCNC(=O)NCc1ccc(CNC(=O)N*)cc1,72
*CCCCCCCCNC(=O)NCc1ccc(CNC(=O)N*)cc1,68
*CCCCCCCCCCNC(=O)NCc1ccc(CNC(=O)N*)cc1,55
*CCCCCCCCCCCCCCNC(=O)NCc1ccc(CNC(=O)N*)cc1,54
*CCCCCCCCCCCCCCCCCCNC(=O)NCc1ccc(CNC(=O)N*)cc1,52
*Nc1ccc(Cc2ccc(NC(=O)NCCCCCCNC(*)=O)cc2)cc1,78
*Nc1ccc(Cc2ccc(NC(=O)NCCCCCCCCNC(*)=O)cc2)cc1,50
*Nc1ccc(Cc2ccc(NC(=O)NCCCCCCCCCCNC(*)=O)cc2)cc1,46
*Nc1ccc(Cc2ccc(NC(=O)NCCCCCCCCCCCCNC(*)=O)cc2)cc1,51
*Nc1ccc(Cc2ccc(NC(=O)NCCCCCCCCCCCCCCCCCCNC(*)=O)cc2)cc1,48
